passengerid,survived,pclass,AccessToLifeboat,hasfamily,agebins,farebins,farebinssurvived,Title_Mr,Title_Miss,Title_Mrs,Title_Master,Title_Rare,male,FemAndChild,Q,S
0,0,2,0,0.0,2,2,1.0,1,0,0,0,0,1,0,0,1
1,0,3,0,0.0,2,1,1.0,0,1,0,0,0,0,1,1,0
2,1,1,1,1.0,5,7,0.0,0,0,1,0,0,0,1,0,1
3,1,3,1,0.0,2,1,1.0,1,0,0,0,0,1,0,0,1
4,0,2,0,1.0,4,5,1.0,1,0,0,0,0,1,0,0,1
5,0,3,0,1.0,4,4,0.0,0,0,1,0,0,0,1,0,1
6,0,3,0,0.0,1,1,1.0,1,0,0,0,0,1,0,0,0
7,1,3,1,0.0,1,1,1.0,0,1,0,0,0,0,1,1,0
8,0,2,0,0.0,3,2,1.0,1,0,0,0,0,1,0,0,1
9,0,3,0,0.0,2,1,1.0,1,0,0,0,0,1,0,0,1
10,1,1,1,1.0,3,7,0.0,0,0,1,0,0,0,1,0,1
11,0,3,0,0.0,1,1,1.0,0,1,0,0,0,0,1,0,1
12,1,2,1,0.0,2,2,1.0,0,1,0,0,0,0,1,0,1
13,0,3,0,1.0,0,6,0.0,0,1,0,0,0,0,1,0,1
14,1,2,1,0.0,4,2,1.0,0,1,0,0,0,0,1,0,1
15,0,3,0,0.0,2,1,1.0,1,0,0,0,0,1,0,0,1
16,0,3,0,0.0,3,1,1.0,1,0,0,0,0,1,0,0,1
17,0,2,0,1.0,4,5,1.0,0,0,1,0,0,0,1,0,1
18,1,1,1,1.0,4,5,1.0,0,0,1,0,0,0,1,0,1
19,0,2,0,0.0,3,2,1.0,1,0,0,0,0,1,0,0,1
20,0,2,0,0.0,1,10,0.0,1,0,0,0,0,1,0,0,1
21,0,3,0,0.0,6,1,1.0,1,0,0,0,0,1,0,0,1
22,0,3,0,0.0,4,1,1.0,1,0,0,0,0,1,0,0,1
23,0,3,0,1.0,1,1,1.0,1,0,0,0,0,1,0,0,1
24,1,3,1,0.0,2,1,1.0,0,1,0,0,0,0,1,1,0
25,0,3,0,0.0,2,1,1.0,1,0,0,0,0,1,0,0,1
26,0,3,0,0.0,2,1,1.0,1,0,0,0,0,1,0,0,0
27,0,2,0,0.0,2,3,0.0,1,0,0,0,0,1,0,0,0
28,1,3,0,1.0,1,5,1.0,0,1,0,0,0,0,1,0,1
29,0,3,0,0.0,2,1,1.0,1,0,0,0,0,1,0,0,1
30,1,3,1,1.0,1,3,0.0,1,0,0,0,0,1,0,0,0
31,0,2,0,0.0,2,2,1.0,1,0,0,0,0,1,0,0,1
32,1,1,1,1.0,1,5,1.0,0,1,0,0,0,0,1,0,1
33,0,2,0,0.0,3,10,0.0,1,0,0,0,0,1,0,0,1
34,1,3,1,0.0,2,1,1.0,0,1,0,0,0,0,1,0,1
35,0,2,0,1.0,1,5,1.0,1,0,0,0,0,1,0,0,1
36,0,3,0,0.0,2,1,1.0,1,0,0,0,0,1,0,0,1
37,1,3,1,1.0,0,4,0.0,0,0,0,1,0,1,1,0,1
38,0,2,0,0.0,1,2,1.0,1,0,0,0,0,1,0,0,1
39,0,3,0,0.0,2,1,1.0,1,0,0,0,0,1,0,0,0
40,0,3,0,0.0,1,0,0.0,1,0,0,0,0,1,0,0,0
41,0,3,0,0.0,2,1,1.0,1,0,0,0,0,1,0,0,1
42,0,3,0,0.0,2,1,1.0,1,0,0,0,0,1,0,0,1
43,1,2,1,1.0,2,5,1.0,0,0,1,0,0,0,1,0,0
44,0,3,0,0.0,2,1,1.0,1,0,0,0,0,1,0,0,1
45,1,1,1,1.0,3,8,0.0,0,0,1,0,0,0,1,0,1
46,0,3,0,1.0,0,5,1.0,0,1,0,0,0,0,1,0,1
47,0,3,1,1.0,3,2,1.0,1,0,0,0,0,1,0,0,0
48,0,2,0,0.0,3,2,1.0,1,0,0,0,0,1,0,0,1
49,0,3,0,0.0,3,1,1.0,1,0,0,0,0,1,0,0,1
50,0,2,0,0.0,2,2,1.0,1,0,0,0,0,1,0,0,1
51,0,3,0,0.0,1,10,0.0,1,0,0,0,0,1,0,0,1
52,0,3,0,0.0,1,1,1.0,1,0,0,0,0,1,0,0,0
53,0,3,0,0.0,1,1,1.0,1,0,0,0,0,1,0,0,1
54,0,1,0,0.0,3,10,0.0,1,0,0,0,0,1,0,0,1
55,0,3,0,0.0,1,1,1.0,1,0,0,0,0,1,0,1,0
56,1,2,1,1.0,1,5,1.0,0,0,1,0,0,0,1,0,1
57,0,3,0,0.0,2,4,0.0,1,0,0,0,0,1,0,0,1
58,1,1,1,0.0,2,8,0.0,0,1,0,0,0,0,1,0,1
59,0,2,0,0.0,2,3,0.0,1,0,0,0,0,1,0,0,0
60,0,3,0,0.0,2,4,0.0,1,0,0,0,0,1,0,1,0
61,0,1,0,0.0,5,5,1.0,1,0,0,0,0,1,0,0,0
62,1,3,1,0.0,1,1,1.0,1,0,0,0,0,1,0,0,0
63,0,3,0,0.0,2,1,1.0,1,0,0,0,0,1,0,0,1
64,0,1,0,0.0,5,5,1.0,0,0,0,0,1,1,0,0,1
65,1,3,1,0.0,2,1,1.0,1,0,0,0,0,1,0,0,1
66,0,1,0,1.0,2,7,0.0,1,0,0,0,0,1,0,0,0
67,0,1,0,1.0,5,6,0.0,1,0,0,0,0,1,0,0,0
68,1,2,1,1.0,5,4,0.0,0,0,1,0,0,0,1,0,1
69,1,2,1,1.0,2,5,1.0,0,0,1,0,0,0,1,0,1
70,0,1,1,1.0,5,7,0.0,0,0,0,0,1,1,0,0,1
71,1,3,1,0.0,2,1,1.0,1,0,0,0,0,1,0,0,1
72,0,2,0,0.0,2,5,1.0,1,0,0,0,0,1,0,0,1
73,1,1,0,1.0,2,7,0.0,0,0,1,0,0,0,1,0,0
74,0,3,0,0.0,2,1,1.0,1,0,0,0,0,1,0,0,1
75,0,3,0,0.0,1,1,1.0,1,0,0,0,0,1,0,0,1
76,0,3,0,0.0,2,1,1.0,1,0,0,0,0,1,0,0,1
77,1,3,0,1.0,0,6,0.0,0,1,0,0,0,0,1,0,1
78,1,3,1,1.0,2,4,0.0,1,0,0,0,0,1,0,1,0
79,0,2,0,1.0,3,5,1.0,0,0,0,0,1,1,0,0,1
80,1,2,1,1.0,0,5,1.0,0,1,0,0,0,0,1,0,1
81,1,1,1,1.0,5,7,0.0,0,0,1,0,0,0,1,0,0
82,0,3,0,0.0,2,1,1.0,1,0,0,0,0,1,0,0,1
83,1,3,0,1.0,3,5,1.0,0,0,1,0,0,0,1,0,1
84,1,1,1,0.0,2,7,0.0,0,1,0,0,0,0,1,0,1
85,1,1,1,0.0,3,5,1.0,0,1,0,0,0,0,1,0,0
86,1,2,1,1.0,3,5,1.0,0,0,1,0,0,0,1,0,1
87,1,1,1,0.0,2,5,1.0,1,0,0,0,0,1,0,0,1
88,0,3,0,1.0,4,5,1.0,0,0,1,0,0,0,1,0,1
89,1,2,1,1.0,3,5,1.0,1,0,0,0,0,1,0,0,1
90,0,3,0,1.0,0,5,1.0,0,1,0,0,0,0,1,0,1
91,0,3,0,1.0,1,2,1.0,0,1,0,0,0,0,1,0,0
92,1,3,0,0.0,1,1,1.0,0,1,0,0,0,0,1,1,0
93,0,3,0,0.0,7,1,1.0,1,0,0,0,0,1,0,0,1
94,0,3,0,1.0,0,5,1.0,0,0,0,1,0,1,1,0,1
95,1,3,1,1.0,2,2,1.0,0,0,1,0,0,0,1,0,1
96,0,1,0,0.0,5,5,1.0,1,0,0,0,0,1,0,0,1
97,0,2,0,1.0,3,4,0.0,1,0,0,0,0,1,0,0,1
98,1,1,1,0.0,2,8,0.0,0,1,0,0,0,0,1,0,1
99,0,1,0,0.0,3,5,1.0,1,0,0,0,0,1,0,0,0
100,0,3,0,0.0,3,1,1.0,1,0,0,0,0,1,0,0,1
101,1,1,1,0.0,2,5,1.0,0,1,0,0,0,0,1,0,0
102,0,1,0,0.0,3,5,1.0,0,0,0,0,1,1,0,0,0
103,0,3,1,0.0,3,1,1.0,1,0,0,0,0,1,0,0,1
104,1,2,1,0.0,3,2,1.0,0,0,1,0,0,0,1,0,1
105,1,1,1,1.0,2,9,0.0,0,0,1,0,0,0,1,0,0
106,0,2,0,0.0,3,2,1.0,1,0,0,0,0,1,0,0,1
107,0,1,0,0.0,2,8,0.0,1,0,0,0,0,1,0,0,0
108,0,3,0,0.0,3,1,1.0,1,0,0,0,0,1,0,0,0
109,1,3,1,1.0,0,3,0.0,0,1,0,0,0,0,1,0,0
110,1,2,1,1.0,2,2,1.0,0,1,0,0,0,0,1,0,0
111,0,3,0,1.0,0,5,1.0,0,0,0,1,0,1,1,0,1
112,1,1,1,1.0,1,9,0.0,0,1,0,0,0,0,1,0,0
113,1,3,1,1.0,0,3,0.0,0,1,0,0,0,0,1,0,1
114,0,3,0,0.0,3,1,1.0,1,0,0,0,0,1,0,0,1
115,1,2,1,0.0,2,2,1.0,0,0,0,0,1,0,1,0,1
116,1,3,1,1.0,4,1,1.0,0,0,1,0,0,0,1,0,1
117,1,1,1,0.0,3,5,1.0,1,0,0,0,0,1,0,0,1
118,1,3,1,0.0,4,1,1.0,1,0,0,0,0,1,0,0,1
119,1,3,1,0.0,3,6,0.0,1,0,0,0,0,1,0,0,1
120,0,3,0,1.0,2,2,1.0,1,0,0,0,0,1,0,0,0
121,1,3,0,0.0,2,1,1.0,0,1,0,0,0,0,1,1,0
122,1,1,1,0.0,5,5,1.0,0,0,0,0,1,1,0,0,1
123,0,3,0,0.0,1,1,1.0,1,0,0,0,0,1,0,0,1
124,1,1,1,1.0,4,7,0.0,1,0,0,0,0,1,0,0,0
125,0,1,0,1.0,4,8,0.0,1,0,0,0,0,1,0,0,0
126,0,3,0,1.0,1,5,1.0,0,1,0,0,0,0,1,0,1
127,0,1,0,0.0,3,6,0.0,1,0,0,0,0,1,0,0,1
128,1,1,1,1.0,4,7,0.0,0,0,1,0,0,0,1,0,0
129,0,3,0,0.0,2,1,1.0,1,0,0,0,0,1,0,0,1
130,1,1,1,0.0,4,8,0.0,0,1,0,0,0,0,1,0,0
131,0,1,0,0.0,4,5,1.0,1,0,0,0,0,1,0,0,1
132,1,2,1,1.0,1,5,1.0,0,1,0,0,0,0,1,0,1
133,1,3,1,0.0,2,1,1.0,1,0,0,0,0,1,0,0,1
134,0,3,1,0.0,2,1,1.0,1,0,0,0,0,1,0,1,0
135,0,3,1,1.0,0,3,0.0,0,0,0,1,0,1,1,0,0
136,0,3,0,0.0,2,1,1.0,1,0,0,0,0,1,0,0,0
137,1,1,1,1.0,3,7,0.0,0,0,1,0,0,0,1,1,0
138,1,3,1,0.0,2,1,1.0,0,1,0,0,0,0,1,0,1
139,0,3,0,1.0,2,1,1.0,1,0,0,0,0,1,0,0,1
140,0,2,0,1.0,4,4,0.0,1,0,0,0,0,1,0,0,1
141,1,1,1,1.0,4,8,0.0,0,0,1,0,0,0,1,0,1
142,0,2,0,0.0,1,2,1.0,1,0,0,0,0,1,0,0,1
143,0,1,0,1.0,2,7,0.0,1,0,0,0,0,1,0,0,1
144,0,1,0,0.0,4,5,1.0,1,0,0,0,0,1,0,0,1
145,1,3,1,1.0,0,4,0.0,0,0,0,1,0,1,1,0,1
146,1,1,1,1.0,3,7,0.0,0,1,0,0,0,0,1,0,0
147,0,3,0,0.0,1,1,1.0,1,0,0,0,0,1,0,0,0
148,0,3,0,0.0,3,1,1.0,1,0,0,0,0,1,0,0,1
149,0,2,0,0.0,2,2,1.0,1,0,0,0,0,1,0,0,1
150,1,3,1,0.0,2,1,1.0,0,1,0,0,0,0,1,0,1
151,0,3,0,0.0,2,1,1.0,1,0,0,0,0,1,0,0,1
152,1,3,1,1.0,0,2,1.0,0,1,0,0,0,0,1,0,1
153,0,1,0,1.0,5,8,0.0,1,0,0,0,0,1,0,0,0
154,1,1,1,0.0,2,5,1.0,1,0,0,0,0,1,0,0,0
155,0,3,0,0.0,2,1,1.0,1,0,0,0,0,1,0,0,1
156,0,2,0,1.0,3,5,1.0,1,0,0,0,0,1,0,0,1
157,0,3,0,1.0,1,1,1.0,1,0,0,0,0,1,0,0,1
158,0,3,0,0.0,4,10,0.0,1,0,0,0,0,1,0,0,1
159,0,3,0,0.0,2,1,1.0,1,0,0,0,0,1,0,0,1
160,0,3,1,1.0,2,4,0.0,1,0,0,0,0,1,0,0,1
161,0,3,0,1.0,2,4,0.0,0,0,1,0,0,0,1,0,1
162,0,3,0,0.0,2,1,1.0,1,0,0,0,0,1,0,0,1
163,0,3,1,0.0,3,1,1.0,1,0,0,0,0,1,0,0,1
164,0,2,0,0.0,1,6,0.0,1,0,0,0,0,1,0,0,1
165,0,3,0,0.0,2,1,1.0,1,0,0,0,0,1,0,0,1
166,0,3,0,0.0,3,1,1.0,1,0,0,0,0,1,0,0,1
167,1,3,1,1.0,2,2,1.0,0,0,1,0,0,0,1,0,1
168,0,3,0,0.0,2,1,1.0,1,0,0,0,0,1,0,0,1
169,0,2,0,0.0,3,2,1.0,1,0,0,0,0,1,0,0,1
170,0,3,0,0.0,2,1,1.0,1,0,0,0,0,1,0,0,1
171,0,3,0,0.0,3,1,1.0,1,0,0,0,0,1,0,0,1
172,0,2,0,1.0,5,5,1.0,0,0,0,0,1,1,0,0,1
173,0,3,0,1.0,4,5,1.0,1,0,0,0,0,1,0,0,1
174,0,2,0,0.0,5,2,1.0,1,0,0,0,0,1,0,0,1
175,0,1,1,0.0,5,5,1.0,0,0,0,0,1,1,0,0,0
176,0,1,1,1.0,4,8,0.0,1,0,0,0,0,1,0,0,0
177,1,1,1,0.0,5,8,0.0,0,1,0,0,0,0,1,0,0
178,1,1,1,0.0,4,5,1.0,1,0,0,0,0,1,0,0,1
179,1,1,1,1.0,6,5,1.0,0,0,1,0,0,0,1,0,1
180,1,1,1,1.0,4,6,0.0,0,0,1,0,0,0,1,0,1
181,0,1,0,0.0,6,5,1.0,1,0,0,0,0,1,0,0,1
182,0,3,0,0.0,2,1,1.0,1,0,0,0,0,1,0,0,1
183,0,2,0,0.0,2,2,1.0,1,0,0,0,0,1,0,0,1
184,0,3,0,0.0,2,1,1.0,1,0,0,0,0,1,0,0,1
185,0,3,0,0.0,2,6,0.0,1,0,0,0,0,1,0,0,1
186,0,2,0,0.0,3,2,1.0,1,0,0,0,0,1,0,1,0
187,1,3,1,0.0,2,10,0.0,1,0,0,0,0,1,0,0,1
188,0,3,0,0.0,4,1,1.0,1,0,0,0,0,1,0,0,1
189,1,1,1,0.0,3,9,0.0,1,0,0,0,0,1,0,0,0
190,1,1,1,1.0,3,9,0.0,1,0,0,0,0,1,0,0,0
191,0,3,1,1.0,0,4,0.0,0,0,0,1,0,1,1,0,0
192,0,1,0,1.0,2,6,0.0,1,0,0,0,0,1,0,0,1
193,1,2,1,1.0,3,5,1.0,0,0,1,0,0,0,1,0,1
194,0,3,0,0.0,1,1,1.0,1,0,0,0,0,1,0,0,1
195,1,3,1,0.0,2,1,1.0,0,1,0,0,0,0,1,1,0
196,1,1,1,1.0,2,6,0.0,0,1,0,0,0,0,1,0,0
197,0,3,0,0.0,2,1,1.0,1,0,0,0,0,1,0,1,0
198,0,3,0,1.0,4,2,1.0,0,0,1,0,0,0,1,0,0
199,0,1,0,0.0,2,5,1.0,1,0,0,0,0,1,0,0,0
200,0,3,0,1.0,1,1,1.0,1,0,0,0,0,1,0,0,1
201,1,2,1,0.0,2,2,1.0,0,1,0,0,0,0,1,0,1
202,0,3,0,0.0,4,1,1.0,0,1,0,0,0,0,1,0,1
203,0,3,0,0.0,2,1,1.0,1,0,0,0,0,1,0,0,1
204,0,2,0,0.0,1,2,1.0,1,0,0,0,0,1,0,0,1
205,0,2,0,0.0,3,2,1.0,1,0,0,0,0,1,0,0,1
206,0,3,0,0.0,2,1,1.0,1,0,0,0,0,1,0,0,0
207,0,2,0,0.0,3,5,1.0,1,0,0,0,0,1,0,0,1
208,0,3,0,1.0,3,4,0.0,1,0,0,0,0,1,0,0,1
209,1,3,0,0.0,2,1,1.0,0,1,0,0,0,0,1,1,0
210,1,3,1,,2,1,,0,1,0,0,0,0,1,1,0
211,0,3,0,0.0,2,1,1.0,1,0,0,0,0,1,0,0,1
212,0,3,0,0.0,3,1,1.0,1,0,0,0,0,1,0,0,1
213,1,1,1,1.0,6,7,0.0,0,1,0,0,0,0,1,0,1
214,0,1,0,0.0,2,7,0.0,1,0,0,0,0,1,0,0,0
215,0,2,0,1.0,2,4,0.0,1,0,0,0,0,1,0,0,0
216,1,3,0,1.0,1,3,0.0,0,1,0,0,0,0,1,1,0
217,1,3,1,0.0,2,1,1.0,1,0,0,0,0,1,0,0,1
218,1,1,1,1.0,2,9,0.0,0,1,0,0,0,0,1,0,1
219,0,3,0,0.0,4,1,1.0,1,0,0,0,0,1,0,0,1
220,0,3,0,0.0,2,1,1.0,1,0,0,0,0,1,0,1,0
221,1,2,1,1.0,2,5,1.0,0,0,1,0,0,0,1,0,1
222,0,3,0,1.0,2,2,1.0,1,0,0,0,0,1,0,0,0
223,0,3,0,0.0,1,1,1.0,1,0,0,0,0,1,0,0,1
224,1,2,1,0.0,6,2,1.0,1,0,0,0,0,1,0,0,1
225,0,3,0,0.0,1,1,1.0,0,1,0,0,0,0,1,1,0
226,1,3,1,0.0,2,1,1.0,0,1,0,0,0,0,1,1,0
227,1,2,1,1.0,2,5,1.0,0,0,1,0,0,0,1,0,1
228,0,3,0,0.0,2,1,1.0,1,0,0,0,0,1,0,0,1
229,0,2,0,0.0,5,2,1.0,0,0,0,0,1,1,0,0,1
230,1,1,1,0.0,4,5,1.0,1,0,0,0,0,1,0,0,1
231,0,1,1,1.0,2,7,0.0,1,0,0,0,0,1,0,0,1
232,0,3,0,0.0,4,1,1.0,1,0,0,0,0,1,0,0,1
233,0,3,0,1.0,4,3,0.0,1,0,0,0,0,1,0,0,1
234,0,3,0,0.0,4,1,1.0,1,0,0,0,0,1,0,0,1
235,0,3,0,1.0,1,3,0.0,0,1,0,0,0,0,1,0,1
236,0,3,0,0.0,1,2,1.0,0,1,0,0,0,0,1,0,0
237,0,3,0,1.0,0,2,1.0,0,0,0,1,0,1,1,0,1
238,1,3,1,0.0,2,1,1.0,0,1,0,0,0,0,1,1,0
239,0,3,0,0.0,3,1,1.0,1,0,0,0,0,1,0,0,1
240,1,3,1,0.0,1,1,1.0,0,1,0,0,0,0,1,0,1
241,0,3,0,1.0,0,5,1.0,0,0,0,1,0,1,1,0,1
242,0,2,0,1.0,3,5,1.0,1,0,0,0,0,1,0,0,1
243,0,3,0,0.0,2,1,1.0,1,0,0,0,0,1,0,0,1
244,0,1,0,0.0,3,5,1.0,1,0,0,0,0,1,0,0,1
245,0,3,1,0.0,2,1,1.0,1,0,0,0,0,1,0,0,1
246,1,1,1,0.0,4,5,1.0,1,0,0,0,0,1,0,0,1
247,1,1,0,1.0,6,9,0.0,0,0,1,0,0,0,1,0,1
248,0,1,1,1.0,2,6,0.0,1,0,0,0,0,1,0,0,0
249,1,1,1,1.0,1,8,0.0,0,1,0,0,0,0,1,0,1
250,1,1,1,0.0,5,5,1.0,1,0,0,0,0,1,0,0,1
251,0,2,1,0.0,2,2,1.0,1,0,0,0,0,1,0,0,1
252,0,3,0,1.0,3,3,0.0,1,0,0,0,0,1,0,0,1
253,1,1,1,0.0,2,5,1.0,1,0,0,0,0,1,0,0,0
254,0,2,0,0.0,2,5,1.0,1,0,0,0,0,1,0,0,1
255,1,3,0,1.0,0,2,1.0,0,1,0,0,0,0,1,0,1
256,0,2,0,0.0,2,2,1.0,1,0,0,0,0,1,0,0,1
257,0,1,0,1.0,6,9,0.0,1,0,0,0,0,1,0,0,0
258,0,2,0,0.0,4,2,1.0,1,0,0,0,0,1,0,0,1
259,1,3,0,0.0,2,1,1.0,0,1,0,0,0,0,1,0,1
260,0,3,0,0.0,1,1,1.0,1,0,0,0,0,1,0,0,1
261,0,3,0,1.0,1,5,1.0,0,0,0,1,0,1,0,0,1
262,0,2,0,0.0,3,2,1.0,1,0,0,0,0,1,0,0,1
263,0,1,1,1.0,0,8,0.0,0,0,0,1,0,1,1,0,0
264,0,3,0,0.0,3,1,1.0,1,0,0,0,0,1,0,0,1
265,0,3,0,1.0,0,5,1.0,0,0,0,1,0,1,1,0,1
266,1,1,1,0.0,3,8,0.0,0,1,0,0,0,0,1,0,0
267,1,1,1,0.0,2,7,0.0,0,1,0,0,0,0,1,0,1
268,1,2,1,1.0,2,4,0.0,0,0,1,0,0,0,1,0,1
269,0,1,0,0.0,2,5,1.0,1,0,0,0,0,1,0,0,1
270,0,3,0,0.0,2,1,1.0,1,0,0,0,0,1,0,1,0
271,0,3,0,0.0,2,1,1.0,1,0,0,0,0,1,0,0,1
272,0,2,0,0.0,2,2,1.0,1,0,0,0,0,1,0,0,1
273,1,2,1,0.0,2,2,1.0,0,1,0,0,0,0,1,0,1
274,1,1,1,1.0,3,7,0.0,1,0,0,0,0,1,0,0,1
275,0,3,0,1.0,3,1,1.0,1,0,0,0,0,1,0,0,1
276,0,3,0,0.0,2,1,1.0,1,0,0,0,0,1,0,0,1
277,0,2,0,0.0,3,2,1.0,1,0,0,0,0,1,0,0,1
278,1,3,1,0.0,2,6,0.0,1,0,0,0,0,1,0,0,1
279,0,3,0,1.0,0,2,1.0,0,0,0,1,0,1,1,0,1
280,0,2,0,0.0,7,2,1.0,1,0,0,0,0,1,0,0,1
281,0,2,1,1.0,0,4,0.0,0,0,0,1,0,1,1,0,1
282,1,1,1,0.0,4,8,0.0,0,1,0,0,0,0,1,0,0
283,0,3,0,0.0,1,1,1.0,1,0,0,0,0,1,0,0,1
284,0,3,0,0.0,2,1,1.0,1,0,0,0,0,1,0,0,1
285,0,1,0,1.0,4,6,0.0,1,0,0,0,0,1,0,0,0
286,1,3,1,1.0,0,5,1.0,0,1,0,0,0,0,1,0,1
287,0,1,0,0.0,5,9,0.0,1,0,0,0,0,1,0,0,1
288,0,3,0,0.0,1,1,1.0,1,0,0,0,0,1,0,0,1
289,0,2,0,0.0,1,2,1.0,1,0,0,0,0,1,0,0,1
290,1,2,1,1.0,2,2,1.0,0,0,1,0,0,0,1,0,1
291,0,3,0,0.0,1,1,1.0,1,0,0,0,0,1,0,0,1
292,1,1,1,0.0,3,9,0.0,0,1,0,0,0,0,1,0,0
293,1,1,1,1.0,3,6,0.0,1,0,0,0,0,1,0,0,1
294,1,3,1,0.0,2,1,1.0,0,1,0,0,0,0,1,0,1
295,0,3,0,0.0,2,1,1.0,1,0,0,0,0,1,0,0,1
296,1,1,1,1.0,3,6,0.0,0,0,1,0,0,0,1,0,1
297,0,3,0,1.0,2,3,0.0,1,0,0,0,0,1,0,0,1
298,0,3,1,1.0,0,0,0.0,0,0,0,1,0,1,1,0,1
299,0,1,0,0.0,4,6,0.0,1,0,0,0,0,1,0,0,1
300,0,3,1,0.0,2,1,1.0,1,0,0,0,0,1,0,0,1
301,0,3,0,1.0,3,4,0.0,1,0,0,0,0,1,0,0,1
302,0,2,1,0.0,2,2,1.0,1,0,0,0,0,1,0,0,1
303,1,1,1,1.0,4,6,0.0,0,0,1,0,0,0,1,0,1
304,1,1,1,1.0,1,6,0.0,0,0,1,0,0,0,1,0,1
305,0,3,0,0.0,1,3,0.0,1,0,0,0,0,1,0,0,0
306,0,1,0,1.0,4,6,0.0,1,0,0,0,0,1,0,0,1
307,0,2,0,0.0,6,2,1.0,1,0,0,0,0,1,0,0,1
308,0,3,0,1.0,3,2,1.0,1,0,0,0,0,1,0,0,1
309,0,1,0,1.0,4,7,0.0,0,0,0,0,1,1,0,1,0
310,0,3,0,1.0,2,3,0.0,1,0,0,0,0,1,0,0,1
311,1,3,1,0.0,1,1,1.0,1,0,0,0,0,1,0,1,0
312,1,2,1,0.0,4,2,1.0,0,0,1,0,0,0,1,0,1
313,1,3,1,1.0,0,3,0.0,0,0,0,1,0,1,1,0,1
314,0,2,1,1.0,2,5,1.0,1,0,0,0,0,1,0,0,1
315,0,3,0,0.0,2,1,1.0,1,0,0,0,0,1,0,0,1
316,1,1,1,1.0,3,7,0.0,0,0,1,0,0,0,1,0,1
317,0,3,0,0.0,3,1,1.0,1,0,0,0,0,1,0,0,1
318,1,3,1,0.0,1,1,1.0,0,1,0,0,0,0,1,1,0
319,1,1,1,0.0,4,9,0.0,0,1,0,0,0,0,1,0,0
320,1,3,0,,3,1,,0,1,0,0,0,0,1,1,0
321,0,2,0,1.0,3,5,1.0,1,0,0,0,0,1,0,0,1
322,0,3,0,0.0,1,1,1.0,0,1,0,0,0,0,1,0,1
323,1,2,1,0.0,3,5,1.0,0,1,0,0,0,0,1,0,1
324,1,1,1,1.0,5,5,1.0,0,0,1,0,0,0,1,0,1
325,0,2,0,1.0,1,2,1.0,1,0,0,0,0,1,0,0,1
326,1,1,1,1.0,3,6,0.0,0,0,1,0,0,0,1,0,1
327,0,3,0,0.0,2,1,1.0,1,0,0,0,0,1,0,0,1
328,1,2,1,1.0,0,5,1.0,0,0,0,1,0,1,1,0,1
329,1,3,0,1.0,2,3,0.0,0,0,1,0,0,0,1,0,1
330,0,3,0,1.0,1,6,0.0,1,0,0,0,0,1,0,0,1
331,0,1,0,0.0,4,7,0.0,1,0,0,0,0,1,0,0,0
332,0,2,0,1.0,1,6,0.0,1,0,0,0,0,1,0,0,1
333,0,3,1,0.0,3,1,1.0,1,0,0,0,0,1,0,0,1
334,1,2,0,1.0,1,2,1.0,0,1,0,0,0,0,1,0,1
335,0,3,0,1.0,1,1,1.0,1,0,0,0,0,1,0,0,0
336,1,1,1,1.0,4,6,0.0,0,0,1,0,0,0,1,0,1
337,0,2,0,1.0,3,5,1.0,1,0,0,0,0,1,0,0,1
338,0,1,0,0.0,4,5,1.0,1,0,0,0,0,1,0,0,1
339,1,1,1,0.0,3,8,0.0,0,1,0,0,0,0,1,0,0
340,0,2,0,1.0,2,4,0.0,0,0,1,0,0,0,1,0,1
341,1,1,1,0.0,3,9,0.0,0,1,0,0,0,0,1,0,0
342,0,2,0,0.0,2,2,1.0,1,0,0,0,0,1,0,0,1
343,1,3,1,0.0,2,1,1.0,0,1,0,0,0,0,1,1,0
344,1,3,1,1.0,3,5,1.0,0,0,1,0,0,0,1,0,1
345,0,1,1,0.0,3,7,0.0,1,0,0,0,0,1,0,0,0
346,0,3,0,0.0,2,1,1.0,1,0,0,0,0,1,0,1,0
347,0,3,0,1.0,0,3,0.0,0,1,0,0,0,0,1,0,0
348,0,2,0,0.0,2,2,1.0,0,1,0,0,0,0,1,0,1
349,0,3,0,0.0,2,1,1.0,1,0,0,0,0,1,0,0,1
350,0,1,0,0.0,7,5,1.0,1,0,0,0,0,1,0,0,0
351,0,2,0,0.0,3,3,0.0,1,0,0,0,0,1,0,0,1
352,0,2,0,0.0,5,2,1.0,1,0,0,0,0,1,0,0,1
353,0,3,0,1.0,2,2,1.0,1,0,0,0,0,1,0,0,0
354,0,3,0,0.0,2,1,1.0,1,0,0,0,0,1,0,0,1
355,0,3,0,1.0,0,3,0.0,0,0,0,1,0,1,1,0,0
356,1,1,1,0.0,4,5,1.0,0,0,1,0,0,0,1,0,1
357,0,1,0,0.0,3,10,0.0,0,0,0,0,1,1,0,0,1
358,0,2,0,0.0,4,2,1.0,0,0,0,0,1,1,0,0,1
359,1,3,1,1.0,0,3,0.0,0,1,0,0,0,0,1,0,0
360,0,3,0,1.0,2,1,1.0,0,1,0,0,0,0,1,0,1
361,0,3,0,0.0,2,1,1.0,1,0,0,0,0,1,0,1,0
362,0,3,0,1.0,0,5,1.0,0,0,0,1,0,1,1,0,1
363,0,3,0,1.0,0,5,1.0,0,0,0,1,0,1,1,0,1
364,1,1,1,1.0,4,8,0.0,0,0,1,0,0,0,1,0,0
365,1,1,1,1.0,2,9,0.0,0,1,0,0,0,0,1,0,1
366,0,2,0,1.0,2,5,1.0,1,0,0,0,0,1,0,0,0
367,0,3,0,1.0,2,1,1.0,1,0,0,0,0,1,0,0,1
368,0,1,0,0.0,4,5,1.0,1,0,0,0,0,1,0,0,1
369,1,1,1,1.0,4,6,0.0,0,0,1,0,0,0,1,0,0
370,1,1,1,0.0,2,6,0.0,0,0,0,0,1,0,1,0,0
371,1,2,1,1.0,2,4,0.0,0,0,1,0,0,0,1,0,1
372,0,3,0,1.0,2,1,1.0,1,0,0,0,0,1,0,0,0
373,0,2,0,1.0,2,5,1.0,1,0,0,0,0,1,0,0,1
374,1,3,1,0.0,3,6,0.0,1,0,0,0,0,1,0,0,1
375,0,1,0,0.0,4,6,0.0,1,0,0,0,0,1,0,0,1
376,1,3,0,0.0,2,5,1.0,0,1,0,0,0,0,1,0,1
377,1,2,0,0.0,2,2,1.0,0,0,1,0,0,0,1,0,1
378,1,2,1,0.0,5,3,0.0,0,0,1,0,0,0,1,0,1
379,1,2,1,1.0,1,4,0.0,0,1,0,0,0,0,1,0,1
380,1,3,0,1.0,4,6,0.0,0,0,1,0,0,0,1,0,1
381,0,2,0,1.0,2,2,1.0,1,0,0,0,0,1,0,0,1
382,0,2,0,0.0,2,6,0.0,1,0,0,0,0,1,0,0,1
383,1,1,1,1.0,2,6,0.0,0,1,0,0,0,0,1,0,0
384,0,3,0,1.0,2,1,1.0,1,0,0,0,0,1,0,0,1
385,1,3,1,1.0,1,1,1.0,0,0,1,0,0,0,1,0,1
386,1,2,1,0.0,3,2,1.0,0,1,0,0,0,0,1,0,1
387,1,1,1,0.0,3,7,0.0,0,1,0,0,0,0,1,0,0
388,1,1,1,0.0,3,5,1.0,1,0,0,0,0,1,0,0,1
389,0,3,0,0.0,2,1,1.0,1,0,0,0,0,1,0,0,1
390,1,3,1,0.0,3,1,1.0,1,0,0,0,0,1,0,0,1
391,0,3,0,1.0,0,4,0.0,0,0,0,1,0,1,1,0,1
392,0,2,0,0.0,2,2,1.0,1,0,0,0,0,1,0,0,1
393,0,3,0,0.0,2,1,1.0,1,0,0,0,0,1,0,0,1
394,1,2,1,0.0,2,2,1.0,0,1,0,0,0,0,1,0,1
395,0,3,0,1.0,1,5,1.0,1,0,0,0,0,1,0,0,1
396,1,1,1,1.0,3,6,0.0,0,1,0,0,0,0,1,0,1
397,1,2,1,1.0,0,5,1.0,0,1,0,0,0,0,1,0,1
398,0,3,0,0.0,1,1,1.0,1,0,0,0,0,1,0,0,1
399,0,3,0,0.0,1,1,1.0,1,0,0,0,0,1,0,0,1
400,0,3,0,1.0,0,2,1.0,0,0,0,1,0,1,1,0,1
401,1,1,1,1.0,5,7,0.0,0,0,1,0,0,0,1,0,0
402,1,1,1,0.0,3,7,0.0,0,0,0,0,1,0,1,0,1
403,1,3,1,1.0,0,3,0.0,0,1,0,0,0,0,1,0,0
404,1,3,0,1.0,2,1,1.0,0,1,0,0,0,0,1,0,1
405,0,3,0,0.0,2,1,1.0,1,0,0,0,0,1,0,0,1
406,1,3,1,1.0,2,4,0.0,0,1,0,0,0,0,1,1,0
407,0,3,0,0.0,3,1,1.0,1,0,0,0,0,1,0,0,1
408,1,1,1,0.0,3,6,0.0,0,1,0,0,0,0,1,0,0
409,0,3,0,1.0,0,4,0.0,0,0,0,1,0,1,1,0,1
410,1,2,1,1.0,0,5,1.0,0,0,0,1,0,1,1,0,1
411,0,1,0,1.0,3,5,1.0,1,0,0,0,0,1,0,0,0
412,0,3,0,0.0,1,1,1.0,1,0,0,0,0,1,0,0,1
413,0,3,1,0.0,1,1,1.0,1,0,0,0,0,1,0,0,1
414,0,2,0,1.0,3,5,1.0,1,0,0,0,0,1,0,0,0
415,0,1,0,1.0,4,9,0.0,1,0,0,0,0,1,0,0,0
416,0,3,0,0.0,1,1,1.0,1,0,0,0,0,1,0,0,1
417,0,3,0,1.0,4,3,0.0,1,0,0,0,0,1,0,1,0
418,1,2,1,0.0,2,2,1.0,0,1,0,0,0,0,1,0,1
419,0,1,1,0.0,3,5,1.0,1,0,0,0,0,1,0,0,0
420,0,1,0,1.0,2,9,0.0,1,0,0,0,0,1,0,0,0
421,1,3,0,1.0,3,1,1.0,0,1,0,0,0,0,1,0,1
422,0,1,0,0.0,3,5,1.0,1,0,0,0,0,1,0,0,1
423,0,3,0,0.0,2,1,1.0,1,0,0,0,0,1,0,0,1
424,1,1,1,0.0,3,5,1.0,1,0,0,0,0,1,0,0,1
425,1,3,0,1.0,0,4,0.0,0,1,0,0,0,0,1,0,1
426,0,3,0,1.0,0,2,1.0,0,0,0,1,0,1,1,0,1
427,0,2,0,1.0,6,5,1.0,1,0,0,0,0,1,0,0,1
428,1,1,1,1.0,1,7,0.0,0,0,1,0,0,0,1,0,0
429,1,3,1,1.0,2,3,0.0,0,0,1,0,0,0,1,0,1
430,0,3,0,0.0,1,1,1.0,1,0,0,0,0,1,0,1,0
431,0,3,0,0.0,2,1,1.0,1,0,0,0,0,1,0,0,1
432,0,3,0,0.0,3,1,1.0,1,0,0,0,0,1,0,0,1
433,0,2,0,0.0,3,10,0.0,1,0,0,0,0,1,0,0,1
434,0,3,0,0.0,1,1,1.0,1,0,0,0,0,1,0,0,1
435,0,3,0,0.0,1,1,1.0,1,0,0,0,0,1,0,0,0
436,1,3,1,1.0,0,2,1.0,0,1,0,0,0,0,1,0,0
437,0,3,1,1.0,3,3,0.0,1,0,0,0,0,1,0,0,1
438,1,3,1,0.0,3,1,1.0,1,0,0,0,0,1,0,0,1
439,1,1,1,0.0,3,5,1.0,1,0,0,0,0,1,0,0,0
440,0,3,0,0.0,2,1,1.0,1,0,0,0,0,1,0,0,1
441,1,1,1,1.0,5,8,0.0,0,0,1,0,0,0,1,0,1
442,0,3,0,0.0,1,1,1.0,1,0,0,0,0,1,0,0,1
443,1,3,0,0.0,2,1,1.0,0,1,0,0,0,0,1,0,1
444,1,2,1,1.0,4,5,1.0,0,0,1,0,0,0,1,0,1
445,1,3,1,0.0,1,1,1.0,0,1,0,0,0,0,1,1,0
446,1,3,0,0.0,2,1,1.0,0,1,0,0,0,0,1,1,0
447,0,1,0,1.0,4,6,0.0,1,0,0,0,0,1,0,0,1
448,1,2,1,1.0,1,5,1.0,0,0,1,0,0,0,1,0,0
449,1,3,1,0.0,2,1,1.0,0,1,0,0,0,0,1,1,0
450,0,1,0,0.0,4,5,1.0,1,0,0,0,0,1,0,0,1
451,0,1,0,0.0,2,9,0.0,1,0,0,0,0,1,0,0,0
452,0,3,0,1.0,2,2,1.0,1,0,0,0,0,1,0,0,0
453,0,1,0,0.0,6,5,1.0,1,0,0,0,0,1,0,0,1
454,1,2,1,1.0,0,5,1.0,0,1,0,0,0,0,1,0,1
455,0,3,0,0.0,1,1,1.0,1,0,0,0,0,1,0,0,1
456,0,3,0,1.0,3,3,0.0,0,0,1,0,0,0,1,0,0
457,0,2,0,0.0,4,2,1.0,1,0,0,0,0,1,0,0,1
458,1,2,0,0.0,2,4,0.0,0,0,1,0,0,0,1,0,1
459,0,3,0,0.0,2,1,1.0,1,0,0,0,0,1,0,0,0
460,0,3,0,0.0,4,1,1.0,1,0,0,0,0,1,0,0,1
461,0,1,0,0.0,3,5,1.0,1,0,0,0,0,1,0,0,0
462,0,1,0,0.0,3,5,1.0,1,0,0,0,0,1,0,0,0
463,1,1,1,1.0,3,8,0.0,0,1,0,0,0,0,1,0,0
464,0,3,0,1.0,1,5,1.0,1,0,0,0,0,1,0,0,1
465,1,3,1,0.0,2,1,1.0,1,0,0,0,0,1,0,0,1
466,0,1,0,1.0,1,9,0.0,1,0,0,0,0,1,0,0,1
467,1,3,1,0.0,3,2,1.0,0,1,0,0,0,0,1,0,1
468,0,1,0,0.0,4,5,1.0,0,0,0,0,1,1,0,0,1
469,0,3,0,0.0,2,1,1.0,1,0,0,0,0,1,0,0,1
470,1,2,1,1.0,3,5,1.0,0,0,1,0,0,0,1,0,1
471,1,1,1,1.0,2,8,0.0,0,0,1,0,0,0,1,0,0
472,1,1,1,1.0,2,8,0.0,0,1,0,0,0,0,1,0,0
473,0,3,0,1.0,4,5,1.0,0,0,1,0,0,0,1,0,1
474,1,1,1,1.0,3,8,0.0,0,0,1,0,0,0,1,0,0
475,0,3,0,0.0,1,1,1.0,1,0,0,0,0,1,0,0,0
476,0,3,0,0.0,2,1,1.0,1,0,0,0,0,1,0,0,0
477,0,3,0,1.0,0,4,0.0,0,0,0,1,0,1,1,0,1
478,1,2,1,0.0,2,2,1.0,0,0,1,0,0,0,1,0,1
479,0,3,0,0.0,2,1,1.0,1,0,0,0,0,1,0,0,1
480,0,1,1,1.0,5,6,0.0,1,0,0,0,0,1,0,0,0
481,0,3,0,1.0,0,5,1.0,0,0,0,1,0,1,1,0,1
482,1,3,1,0.0,2,1,1.0,0,1,0,0,0,0,1,0,1
483,0,3,1,0.0,2,1,1.0,1,0,0,0,0,1,0,1,0
484,1,3,0,1.0,0,2,1.0,0,1,0,0,0,0,1,0,1
485,1,1,1,0.0,2,5,1.0,1,0,0,0,0,1,0,0,1
486,0,3,0,0.0,2,1,1.0,1,0,0,0,0,1,0,0,1
487,0,2,0,0.0,2,2,1.0,1,0,0,0,0,1,0,0,1
488,0,3,0,0.0,1,1,1.0,1,0,0,0,0,1,0,0,0
489,0,2,0,1.0,4,5,1.0,1,0,0,0,0,1,0,0,1
490,0,2,0,0.0,1,2,1.0,1,0,0,0,0,1,0,0,1
491,1,3,1,1.0,3,4,0.0,0,0,1,0,0,0,1,0,1
492,0,3,0,1.0,2,1,1.0,1,0,0,0,0,1,0,0,1
493,1,3,0,1.0,1,3,0.0,0,0,1,0,0,0,1,0,1
494,0,1,0,0.0,3,5,1.0,1,0,0,0,0,1,0,0,0
495,1,2,1,0.0,2,2,1.0,1,0,0,0,0,1,0,0,0
496,1,1,1,1.0,4,7,0.0,0,0,1,0,0,0,1,0,0
497,1,1,1,1.0,6,7,0.0,0,0,1,0,0,0,1,0,0
498,1,2,1,0.0,3,2,1.0,0,1,0,0,0,0,1,0,1
499,0,3,0,0.0,4,1,1.0,1,0,0,0,0,1,0,0,1
500,0,3,0,0.0,3,10,0.0,1,0,0,0,0,1,0,0,1
501,1,3,0,0.0,5,2,1.0,0,0,1,0,0,0,1,0,1
502,1,1,1,0.0,3,5,1.0,0,0,1,0,0,0,1,0,0
503,1,3,1,0.0,3,1,1.0,1,0,0,0,0,1,0,0,1
504,1,1,1,1.0,2,7,0.0,1,0,0,0,0,1,0,0,0
505,0,3,0,0.0,2,1,1.0,1,0,0,0,0,1,0,0,1
506,0,3,0,0.0,4,1,1.0,1,0,0,0,0,1,0,0,1
507,0,2,0,0.0,1,6,0.0,1,0,0,0,0,1,0,0,1
508,1,2,1,0.0,4,2,1.0,0,1,0,0,0,0,1,0,1
509,0,3,0,0.0,3,1,1.0,1,0,0,0,0,1,0,0,1
510,0,3,0,0.0,2,1,1.0,1,0,0,0,0,1,0,0,1
511,0,2,0,0.0,3,3,0.0,1,0,0,0,0,1,0,0,0
512,1,1,1,1.0,2,6,0.0,0,0,1,0,0,0,1,0,1
513,0,3,0,0.0,2,1,1.0,1,0,0,0,0,1,0,0,1
514,0,2,0,0.0,2,2,1.0,0,0,0,0,1,1,0,0,1
515,1,2,1,1.0,2,4,0.0,0,0,1,0,0,0,1,0,0
516,0,3,0,0.0,2,1,1.0,1,0,0,0,0,1,0,0,0
517,0,1,0,1.0,4,9,0.0,0,0,0,0,1,1,0,0,0
518,1,3,1,0.0,1,1,1.0,0,1,0,0,0,0,1,1,0
519,0,3,0,0.0,2,1,1.0,0,1,0,0,0,0,1,0,1
520,1,1,1,0.0,1,7,0.0,0,1,0,0,0,0,1,0,1
521,0,3,0,0.0,4,1,1.0,1,0,0,0,0,1,0,0,1
522,0,1,0,1.0,4,7,0.0,1,0,0,0,0,1,0,0,1
523,1,1,1,1.0,4,6,0.0,0,0,1,0,0,0,1,0,1
524,1,1,1,1.0,4,6,0.0,1,0,0,0,0,1,0,0,1
525,0,1,0,1.0,4,8,0.0,1,0,0,0,0,1,0,0,0
526,0,1,0,0.0,4,5,1.0,1,0,0,0,0,1,0,0,1
527,0,3,0,0.0,3,1,1.0,1,0,0,0,0,1,0,0,1
528,0,1,0,0.0,4,10,0.0,1,0,0,0,0,1,0,0,1
529,0,3,0,1.0,4,5,1.0,0,0,1,0,0,0,1,0,1
530,1,1,1,1.0,5,6,0.0,0,0,1,0,0,0,1,0,0
531,0,2,0,0.0,3,2,1.0,1,0,0,0,0,1,0,0,0
532,1,3,1,1.0,0,3,0.0,0,1,0,0,0,0,1,0,0
533,0,3,0,0.0,1,1,1.0,1,0,0,0,0,1,0,0,1
534,0,3,0,1.0,0,5,1.0,0,0,0,1,0,1,1,1,0
535,1,3,1,1.0,2,4,0.0,0,0,1,0,0,0,1,0,0
536,0,3,0,1.0,2,4,0.0,1,0,0,0,0,1,0,0,1
537,0,3,0,0.0,4,1,1.0,1,0,0,0,0,1,0,0,1
538,0,3,0,0.0,2,1,1.0,1,0,0,0,0,1,0,0,1
539,0,1,0,0.0,4,5,1.0,1,0,0,0,0,1,0,0,1
540,0,1,1,0.0,4,5,1.0,1,0,0,0,0,1,0,0,0
541,0,3,0,0.0,2,1,1.0,1,0,0,0,0,1,0,1,0
542,1,3,1,0.0,1,1,1.0,1,0,0,0,0,1,0,0,1
543,1,3,1,1.0,3,4,0.0,0,0,1,0,0,0,1,0,1
544,1,3,0,0.0,2,1,1.0,0,1,0,0,0,0,1,0,1
545,1,1,1,1.0,3,7,0.0,0,0,1,0,0,0,1,0,1
546,0,1,0,0.0,6,5,1.0,1,0,0,0,0,1,0,0,1
547,1,2,1,1.0,1,2,1.0,0,1,0,0,0,0,1,0,1
548,0,3,0,0.0,6,1,1.0,1,0,0,0,0,1,0,0,1
549,0,3,0,1.0,0,2,1.0,0,1,0,0,0,0,1,0,1
550,1,1,1,0.0,2,9,0.0,0,1,0,0,0,0,1,0,1
551,1,1,1,0.0,3,7,0.0,0,0,1,0,0,0,1,0,0
552,0,3,0,0.0,2,1,1.0,1,0,0,0,0,1,0,0,1
553,0,3,0,0.0,2,1,1.0,1,0,0,0,0,1,0,0,1
554,0,3,0,0.0,3,1,1.0,1,0,0,0,0,1,0,0,1
555,0,3,0,0.0,3,1,1.0,1,0,0,0,0,1,0,0,1
556,1,3,1,0.0,2,1,1.0,0,1,0,0,0,0,1,1,0
557,1,3,0,0.0,2,1,1.0,0,1,0,0,0,0,1,1,0
558,0,3,0,0.0,1,1,1.0,1,0,0,0,0,1,0,0,1
559,1,3,1,0.0,3,3,0.0,0,1,0,0,0,0,1,1,0
560,0,3,0,1.0,1,4,0.0,1,0,0,0,0,1,0,0,1
561,1,3,1,1.0,2,3,0.0,0,0,1,0,0,0,1,0,1
562,1,1,1,1.0,1,6,0.0,0,0,1,0,0,0,1,0,1
563,1,3,1,0.0,2,1,1.0,0,0,1,0,0,0,1,0,0
564,0,3,0,0.0,2,1,1.0,1,0,0,0,0,1,0,0,1
565,0,3,0,0.0,2,1,1.0,1,0,0,0,0,1,0,1,0
566,1,1,1,0.0,1,5,1.0,0,1,0,0,0,0,1,0,1
567,0,1,0,0.0,5,5,1.0,1,0,0,0,0,1,0,0,0
568,1,2,1,1.0,0,5,1.0,0,1,0,0,0,0,1,0,1
569,0,1,0,1.0,2,6,0.0,1,0,0,0,0,1,0,0,1
570,0,3,0,0.0,2,1,1.0,1,0,0,0,0,1,0,0,1
571,0,3,0,1.0,1,1,1.0,1,0,0,0,0,1,0,0,0
572,1,2,1,0.0,1,2,1.0,0,1,0,0,0,0,1,0,1
573,0,3,0,0.0,2,1,1.0,1,0,0,0,0,1,0,0,1
574,0,3,0,1.0,2,1,1.0,1,0,0,0,0,1,0,0,1
575,1,1,1,1.0,2,9,0.0,0,1,0,0,0,0,1,0,0
576,0,3,0,0.0,2,1,1.0,0,1,0,0,0,0,1,1,0
577,1,1,1,1.0,2,7,0.0,0,0,1,0,0,0,1,0,0
578,0,1,0,0.0,3,0,0.0,1,0,0,0,0,1,0,0,1
579,0,1,0,1.0,2,8,0.0,1,0,0,0,0,1,0,0,0
580,0,3,0,1.0,1,3,0.0,1,0,0,0,0,1,0,0,1
581,0,3,0,1.0,3,4,0.0,1,0,0,0,0,1,0,0,1
582,1,3,1,0.0,3,1,1.0,1,0,0,0,0,1,0,0,1
583,0,3,0,1.0,1,6,0.0,1,0,0,0,0,1,0,0,1
584,0,3,0,0.0,6,1,1.0,1,0,0,0,0,1,0,1,0
585,1,3,1,0.0,1,1,1.0,0,1,0,0,0,0,1,0,0
586,0,2,0,0.0,3,2,1.0,0,1,0,0,0,0,1,0,1
587,1,3,0,0.0,2,1,1.0,0,1,0,0,0,0,1,0,1
588,0,2,0,0.0,2,2,1.0,0,0,0,0,1,1,0,0,1
589,0,1,0,0.0,5,5,1.0,1,0,0,0,0,1,0,0,1
590,0,3,0,0.0,3,1,1.0,1,0,0,0,0,1,0,0,1
591,1,1,1,1.0,5,6,0.0,0,0,1,0,0,0,1,0,1
592,1,3,1,0.0,3,1,1.0,0,0,1,0,0,0,1,0,0
593,1,1,1,0.0,5,8,0.0,0,0,1,0,0,0,1,0,0
594,1,1,1,0.0,2,7,0.0,1,0,0,0,0,1,0,0,0
595,0,3,1,1.0,0,1,1.0,0,0,0,1,0,1,1,0,1
596,1,1,1,0.0,4,5,1.0,0,0,1,0,0,0,1,0,0
597,1,2,1,1.0,0,5,1.0,0,0,0,1,0,1,1,0,1
598,0,1,0,0.0,6,5,1.0,1,0,0,0,0,1,0,0,1
599,0,3,0,1.0,1,4,0.0,1,0,0,0,0,1,0,0,0
600,1,2,1,0.0,1,2,1.0,0,1,0,0,0,0,1,0,1
601,0,3,0,0.0,3,1,1.0,1,0,0,0,0,1,0,0,1
602,0,3,0,0.0,2,1,1.0,1,0,0,0,0,1,0,0,1
603,0,3,0,1.0,1,1,1.0,0,1,0,0,0,0,1,0,1
604,1,2,1,1.0,0,4,0.0,0,1,0,0,0,0,1,0,1
605,0,2,0,0.0,3,2,1.0,1,0,0,0,0,1,0,0,1
606,0,3,0,0.0,2,1,1.0,1,0,0,0,0,1,0,0,0
607,1,3,1,0.0,2,1,1.0,1,0,0,0,0,1,0,0,1
608,0,3,0,0.0,2,2,1.0,0,1,0,0,0,0,1,0,1
609,0,3,0,0.0,1,1,1.0,0,1,0,0,0,0,1,0,1
610,0,3,0,0.0,3,4,0.0,1,0,0,0,0,1,0,0,1
611,1,2,1,0.0,3,3,0.0,0,0,1,0,0,0,1,0,1
612,0,3,0,0.0,4,1,1.0,1,0,0,0,0,1,0,1,0
613,0,2,0,0.0,2,2,1.0,1,0,0,0,0,1,0,0,1
614,0,2,0,0.0,2,2,1.0,1,0,0,0,0,1,0,0,1
615,0,3,0,0.0,2,1,1.0,1,0,0,0,0,1,0,1,0
616,1,2,1,0.0,3,2,1.0,0,1,0,0,0,0,1,0,1
617,1,2,1,0.0,3,2,1.0,0,0,1,0,0,0,1,0,1
618,1,2,1,1.0,2,2,1.0,0,1,0,0,0,0,1,0,0
619,1,3,1,0.0,2,1,1.0,0,1,0,0,0,0,1,1,0
620,0,3,0,0.0,3,1,1.0,1,0,0,0,0,1,0,0,0
621,1,1,1,0.0,3,5,1.0,1,0,0,0,0,1,0,0,0
622,1,1,1,1.0,3,6,0.0,0,0,1,0,0,0,1,0,1
623,0,3,1,0.0,2,1,1.0,1,0,0,0,0,1,0,0,1
624,1,3,1,1.0,2,4,0.0,0,1,0,0,0,0,1,1,0
625,1,3,0,0.0,6,1,1.0,0,0,1,0,0,0,1,0,1
626,0,3,0,1.0,3,3,0.0,1,0,0,0,0,1,0,0,1
627,0,2,0,1.0,2,6,0.0,1,0,0,0,0,1,0,0,1
628,0,3,0,0.0,2,1,1.0,1,0,0,0,0,1,0,0,1
629,0,1,0,0.0,2,10,0.0,1,0,0,0,0,1,0,0,1
630,0,1,1,0.0,2,5,1.0,1,0,0,0,0,1,0,0,0
631,0,2,0,0.0,4,2,1.0,1,0,0,0,0,1,0,0,1
632,0,3,0,0.0,2,2,1.0,1,0,0,0,0,1,0,0,0
633,1,3,1,1.0,0,4,0.0,0,1,0,0,0,0,1,0,0
634,0,2,0,1.0,2,6,0.0,1,0,0,0,0,1,0,0,1
635,0,3,0,0.0,2,1,1.0,1,0,0,0,0,1,0,0,1
636,0,1,0,1.0,6,6,0.0,0,0,0,0,1,1,0,0,1
637,0,3,0,1.0,4,1,1.0,1,0,0,0,0,1,0,0,1
638,1,2,1,1.0,1,3,0.0,0,1,0,0,0,0,1,0,1
639,0,3,0,1.0,0,4,0.0,0,1,0,0,0,0,1,0,1
640,1,1,1,1.0,4,9,0.0,0,0,1,0,0,0,1,0,0
641,0,2,0,0.0,5,2,1.0,0,0,1,0,0,0,1,0,1
642,1,1,1,1.0,3,7,0.0,0,1,0,0,0,0,1,1,0
643,0,3,0,1.0,1,5,1.0,1,0,0,0,0,1,0,0,1
644,0,3,0,0.0,2,1,1.0,1,0,0,0,0,1,0,0,1
645,0,2,0,0.0,2,2,1.0,1,0,0,0,0,1,0,0,1
646,0,3,0,0.0,2,1,1.0,1,0,0,0,0,1,0,0,0
647,0,3,0,1.0,0,5,1.0,0,0,0,1,0,1,1,0,1
648,1,1,1,1.0,4,6,0.0,0,0,0,0,1,1,0,0,0
649,1,1,1,0.0,3,7,0.0,0,1,0,0,0,0,1,0,1
650,0,2,0,1.0,2,4,0.0,1,0,0,0,0,1,0,0,1
651,1,3,1,0.0,2,1,1.0,0,1,0,0,0,0,1,1,0
652,0,2,0,1.0,3,5,1.0,1,0,0,0,0,1,0,0,1
653,0,2,0,0.0,1,2,1.0,1,0,0,0,0,1,0,0,1
654,0,3,1,0.0,3,1,1.0,1,0,0,0,0,1,0,0,1
655,1,1,1,1.0,2,6,0.0,1,0,0,0,0,1,0,0,0
656,0,3,0,1.0,2,4,0.0,1,0,0,0,0,1,0,0,1
657,1,3,1,1.0,2,2,1.0,0,0,1,0,0,0,1,0,1
658,0,3,0,0.0,2,1,1.0,1,0,0,0,0,1,0,1,0
659,0,3,0,0.0,2,6,0.0,1,0,0,0,0,1,0,0,1
660,0,3,0,1.0,0,5,1.0,0,1,0,0,0,0,1,0,1
661,0,3,0,0.0,1,1,1.0,1,0,0,0,0,1,0,0,0
662,0,3,0,0.0,1,1,1.0,1,0,0,0,0,1,0,0,1
663,1,1,1,1.0,3,6,0.0,0,0,1,0,0,0,1,0,1
664,1,3,1,1.0,2,3,0.0,0,0,1,0,0,0,1,1,0
665,0,3,0,0.0,2,1,1.0,1,0,0,0,0,1,0,0,1
666,0,2,0,1.0,2,5,1.0,1,0,0,0,0,1,0,0,1
667,0,3,0,1.0,2,4,0.0,1,0,0,0,0,1,0,1,0
668,0,1,0,1.0,3,8,0.0,1,0,0,0,0,1,0,0,1
669,0,1,0,1.0,2,8,0.0,0,0,1,0,0,0,1,0,1
670,1,2,1,0.0,1,3,0.0,0,1,0,0,0,0,1,0,1
671,0,3,0,0.0,3,1,1.0,1,0,0,0,0,1,0,0,1
672,1,1,1,0.0,5,5,1.0,0,0,1,0,0,0,1,0,0
673,1,3,0,0.0,2,1,1.0,0,1,0,0,0,0,1,0,1
674,1,3,1,1.0,0,4,0.0,0,1,0,0,0,0,1,0,1
675,0,1,0,0.0,3,5,1.0,1,0,0,0,0,1,0,0,1
676,1,2,1,0.0,1,2,1.0,0,1,0,0,0,0,1,0,1
677,1,3,0,0.0,1,1,1.0,0,1,0,0,0,0,1,0,1
678,0,3,0,0.0,0,1,1.0,0,0,0,1,0,1,1,0,0
679,1,1,1,1.0,2,7,0.0,0,0,1,0,0,0,1,0,1
680,0,3,0,0.0,2,2,1.0,1,0,0,0,0,1,0,0,1
681,0,3,0,0.0,5,1,1.0,1,0,0,0,0,1,0,0,1
682,0,2,0,0.0,3,5,1.0,1,0,0,0,0,1,0,0,1
683,1,3,1,0.0,4,1,1.0,0,0,1,0,0,0,1,0,0
684,1,3,1,1.0,1,1,1.0,0,1,0,0,0,0,1,0,1
685,1,3,1,0.0,1,1,1.0,0,1,0,0,0,0,1,0,1
686,0,2,0,0.0,2,2,1.0,1,0,0,0,0,1,0,0,1
687,0,1,0,0.0,3,5,1.0,1,0,0,0,0,1,0,0,1
688,0,3,0,0.0,2,1,1.0,0,1,0,0,0,0,1,0,1
689,0,3,0,0.0,1,1,1.0,1,0,0,0,0,1,0,1,0
690,1,3,1,0.0,1,1,1.0,0,1,0,0,0,0,1,1,0
691,1,1,1,0.0,2,5,1.0,0,1,0,0,0,0,1,0,1
692,0,3,0,0.0,2,1,1.0,1,0,0,0,0,1,0,1,0
693,1,1,1,0.0,2,7,0.0,0,1,0,0,0,0,1,0,0
694,0,1,0,0.0,2,5,1.0,1,0,0,0,0,1,0,0,1
695,0,3,0,0.0,3,1,1.0,1,0,0,0,0,1,0,0,1
696,1,3,1,1.0,2,4,0.0,0,1,0,0,0,0,1,1,0
697,0,3,0,0.0,4,1,1.0,1,0,0,0,0,1,0,0,1
698,0,3,0,1.0,3,1,1.0,0,0,1,0,0,0,1,0,1
699,0,3,0,1.0,2,2,1.0,0,0,1,0,0,0,1,0,1
700,0,3,0,1.0,0,5,1.0,0,0,0,1,0,1,1,1,0
701,1,1,0,0.0,3,5,1.0,0,1,0,0,0,0,1,0,0
702,0,1,1,0.0,4,10,0.0,1,0,0,0,0,1,0,0,1
703,0,3,0,0.0,1,1,1.0,1,0,0,0,0,1,0,1,0
704,0,2,0,0.0,2,2,1.0,1,0,0,0,0,1,0,0,1
705,0,1,0,0.0,5,5,1.0,1,0,0,0,0,1,0,0,1
706,0,2,0,1.0,3,5,1.0,1,0,0,0,0,1,0,0,1
707,1,3,1,1.0,3,3,0.0,0,0,1,0,0,0,1,0,1
708,0,3,0,0.0,2,1,1.0,1,0,0,0,0,1,0,0,1
709,0,2,0,1.0,4,5,1.0,1,0,0,0,0,1,0,0,1
710,0,3,0,0.0,1,3,0.0,1,0,0,0,0,1,0,1,0
711,1,2,1,1.0,2,5,1.0,0,0,1,0,0,0,1,0,1
712,1,2,1,1.0,1,5,1.0,0,1,0,0,0,0,1,0,1
713,0,3,0,1.0,0,5,1.0,0,1,0,0,0,0,1,0,1
714,0,3,0,1.0,3,3,0.0,1,0,0,0,0,1,0,0,1
715,0,2,0,0.0,2,10,0.0,1,0,0,0,0,1,0,0,1
716,0,3,1,0.0,1,1,1.0,1,0,0,0,0,1,0,0,1
717,0,3,0,0.0,2,1,1.0,1,0,0,0,0,1,0,1,0
718,0,3,0,0.0,4,1,1.0,1,0,0,0,0,1,0,0,1
719,1,3,1,1.0,2,2,1.0,0,0,1,0,0,0,1,0,1
720,0,3,0,1.0,0,5,1.0,0,1,0,0,0,0,1,0,1
721,1,2,1,1.0,2,5,1.0,0,1,0,0,0,0,1,0,1
722,1,3,0,1.0,3,4,0.0,0,0,1,0,0,0,1,0,1
723,0,3,0,0.0,1,1,1.0,1,0,0,0,0,1,0,0,1
724,0,3,0,0.0,2,4,0.0,1,0,0,0,0,1,0,0,1
725,0,3,0,0.0,6,2,1.0,1,0,0,0,0,1,0,0,1
726,0,2,0,0.0,6,1,1.0,1,0,0,0,0,1,0,1,0
727,1,1,1,1.0,2,5,1.0,0,1,0,0,0,0,1,0,0
728,1,1,1,0.0,3,5,1.0,0,0,0,0,1,1,0,0,0
729,0,3,1,0.0,2,1,1.0,1,0,0,0,0,1,0,0,0
730,0,3,1,0.0,2,1,1.0,1,0,0,0,0,1,0,0,0
731,1,3,1,1.0,2,3,0.0,0,0,1,0,0,0,1,0,1
732,0,1,0,1.0,3,6,0.0,1,0,0,0,0,1,0,0,0
733,1,1,1,0.0,3,9,0.0,0,1,0,0,0,0,1,0,0
734,1,1,1,1.0,3,6,0.0,0,0,1,0,0,0,1,0,0
735,1,3,1,0.0,2,1,1.0,1,0,0,0,0,1,0,0,0
736,1,3,1,0.0,3,1,1.0,1,0,0,0,0,1,0,0,1
737,1,3,1,1.0,1,3,0.0,0,1,0,0,0,0,1,0,1
738,1,1,1,1.0,1,8,0.0,0,0,0,1,0,1,0,0,1
739,1,1,1,1.0,3,6,0.0,1,0,0,0,0,1,0,0,1
740,0,3,0,0.0,3,1,1.0,1,0,0,0,0,1,0,0,1
741,0,3,0,0.0,3,1,1.0,1,0,0,0,0,1,0,0,1
742,0,3,0,1.0,3,5,1.0,0,0,1,0,0,0,1,1,0
743,0,3,0,0.0,4,1,1.0,1,0,0,0,0,1,0,1,0
744,0,1,0,1.0,5,8,0.0,1,0,0,0,0,1,0,0,0
745,1,1,1,0.0,4,5,1.0,0,0,0,0,1,0,1,0,1
746,0,2,0,1.0,2,5,1.0,1,0,0,0,0,1,0,0,1
747,1,2,0,0.0,2,4,0.0,0,0,1,0,0,0,1,0,1
748,1,3,1,0.0,6,1,1.0,0,0,1,0,0,0,1,0,1
749,0,1,0,0.0,1,5,1.0,1,0,0,0,0,1,0,0,1
750,0,3,0,0.0,2,1,1.0,1,0,0,0,0,1,0,0,1
751,0,3,0,0.0,2,1,1.0,0,1,0,0,0,0,1,1,0
752,0,3,0,1.0,1,6,0.0,0,0,0,1,0,1,0,0,1
753,1,3,1,1.0,3,3,0.0,0,0,1,0,0,0,1,0,1
754,0,3,0,1.0,0,5,1.0,0,1,0,0,0,0,1,0,1
755,1,1,1,1.0,4,8,0.0,0,0,1,0,0,0,1,0,0
756,1,2,1,0.0,3,4,0.0,0,0,1,0,0,0,1,0,1
757,0,3,1,1.0,3,3,0.0,1,0,0,0,0,1,0,0,1
758,0,2,0,0.0,2,2,1.0,1,0,0,0,0,1,0,0,1
759,0,3,0,0.0,2,1,1.0,1,0,0,0,0,1,0,0,1
760,1,3,1,1.0,0,3,0.0,0,1,0,0,0,0,1,0,0
761,1,3,1,1.0,1,2,1.0,0,0,1,0,0,0,1,0,0
762,1,2,1,1.0,2,5,1.0,0,0,1,0,0,0,1,0,0
763,0,3,0,1.0,4,5,1.0,0,0,1,0,0,0,1,0,1
764,1,2,1,1.0,2,4,0.0,0,1,0,0,0,0,1,0,1
765,0,3,0,0.0,2,1,1.0,1,0,0,0,0,1,0,0,1
766,1,2,1,0.0,3,2,1.0,1,0,0,0,0,1,0,0,1
767,1,2,1,0.0,1,5,1.0,0,1,0,0,0,0,1,0,1
768,0,3,0,0.0,3,1,1.0,1,0,0,0,0,1,0,0,1
769,0,3,0,0.0,6,1,1.0,1,0,0,0,0,1,0,1,0
770,0,3,0,0.0,2,1,1.0,1,0,0,0,0,1,0,0,1
771,0,3,1,0.0,3,1,1.0,1,0,0,0,0,1,0,0,1
772,0,3,0,0.0,1,1,1.0,1,0,0,0,0,1,0,0,1
773,1,2,0,1.0,5,5,1.0,0,0,1,0,0,0,1,0,1
774,0,1,1,1.0,4,5,1.0,1,0,0,0,0,1,0,0,0
775,0,3,0,0.0,3,1,1.0,1,0,0,0,0,1,0,0,1
776,0,3,0,1.0,3,3,0.0,1,0,0,0,0,1,0,0,1
777,1,1,1,0.0,3,7,0.0,0,1,0,0,0,0,1,0,0
778,0,3,0,0.0,2,1,1.0,1,0,0,0,0,1,0,0,1
779,0,2,0,0.0,3,2,1.0,1,0,0,0,0,1,0,0,1
780,0,2,0,0.0,2,2,1.0,1,0,0,0,0,1,0,0,1
781,0,2,0,0.0,1,2,1.0,1,0,0,0,0,1,0,0,1
782,0,3,0,0.0,2,1,1.0,1,0,0,0,0,1,0,0,1
783,0,3,0,1.0,2,3,0.0,0,0,1,0,0,0,1,0,1
784,0,1,0,0.0,4,5,1.0,1,0,0,0,0,1,0,0,1
785,0,3,0,0.0,2,1,1.0,1,0,0,0,0,1,0,0,0
786,0,3,0,0.0,2,1,1.0,1,0,0,0,0,1,0,0,1
787,1,3,1,1.0,1,3,0.0,0,1,0,0,0,0,1,1,0
788,1,3,1,0.0,2,1,1.0,0,1,0,0,0,0,1,1,0
789,0,3,0,0.0,2,1,1.0,1,0,0,0,0,1,0,0,1
790,0,1,0,0.0,7,5,1.0,1,0,0,0,0,1,0,0,0
791,0,3,0,1.0,0,5,1.0,0,0,0,1,0,1,1,0,1
792,1,2,1,1.0,2,3,0.0,0,0,1,0,0,0,1,0,1
793,1,3,1,0.0,1,1,1.0,1,0,0,0,0,1,0,0,1
794,0,1,0,0.0,3,5,1.0,1,0,0,0,0,1,0,0,1
795,1,3,0,0.0,2,1,1.0,0,1,0,0,0,0,1,1,0
796,1,3,1,0.0,2,1,1.0,0,1,0,0,0,0,1,1,0
797,0,2,0,0.0,1,2,1.0,1,0,0,0,0,1,0,0,1
798,0,1,0,1.0,3,6,0.0,1,0,0,0,0,1,0,0,1
799,1,2,1,0.0,1,5,1.0,0,1,0,0,0,0,1,0,1
800,1,1,1,0.0,4,5,1.0,1,0,0,0,0,1,0,0,1
801,0,3,0,0.0,2,1,1.0,1,0,0,0,0,1,0,0,1
802,1,1,1,0.0,4,5,1.0,1,0,0,0,0,1,0,0,1
803,0,2,0,0.0,4,2,1.0,1,0,0,0,0,1,0,0,1
804,0,3,0,0.0,3,1,1.0,1,0,0,0,0,1,0,0,1
805,0,3,0,1.0,0,5,1.0,0,1,0,0,0,0,1,0,1
806,0,1,0,0.0,3,10,0.0,1,0,0,0,0,1,0,0,1
807,0,2,0,0.0,2,2,1.0,1,0,0,0,0,1,0,0,1
808,0,2,0,0.0,2,3,0.0,1,0,0,0,0,1,0,0,0
809,0,3,0,1.0,3,5,1.0,1,0,0,0,0,1,0,0,1
810,1,1,1,0.0,3,8,0.0,0,1,0,0,0,0,1,0,1
811,1,3,1,1.0,1,1,1.0,0,0,1,0,0,0,1,0,0
812,1,3,1,0.0,2,1,1.0,0,1,0,0,0,0,1,0,1
813,0,2,0,0.0,2,2,1.0,1,0,0,0,0,1,0,0,1
814,0,3,0,0.0,2,1,1.0,1,0,0,0,0,1,0,0,1
815,0,3,0,1.0,2,2,1.0,0,0,1,0,0,0,1,0,1
816,0,3,0,0.0,2,1,1.0,1,0,0,0,0,1,0,1,0
817,0,3,1,0.0,2,1,1.0,1,0,0,0,0,1,0,0,1
818,0,1,0,0.0,2,5,1.0,1,0,0,0,0,1,0,0,1
819,0,3,0,1.0,0,4,0.0,0,1,0,0,0,0,1,0,1
820,0,3,0,0.0,2,1,1.0,1,0,0,0,0,1,0,0,1
821,1,3,0,0.0,1,1,1.0,0,1,0,0,0,0,1,1,0
822,0,3,0,1.0,0,6,0.0,0,0,0,1,0,1,1,0,1
823,1,3,0,0.0,4,1,1.0,0,1,0,0,0,0,1,1,0
824,0,3,0,0.0,3,1,1.0,1,0,0,0,0,1,0,0,1
825,0,3,0,0.0,2,1,1.0,1,0,0,0,0,1,0,1,0
826,0,3,0,0.0,2,1,1.0,1,0,0,0,0,1,0,0,0
827,1,2,1,1.0,0,5,1.0,0,0,0,1,0,1,1,0,1
828,0,3,0,0.0,4,1,1.0,1,0,0,0,0,1,0,0,1
829,0,3,0,0.0,1,1,1.0,1,0,0,0,0,1,0,0,1
830,0,3,0,0.0,5,1,1.0,1,0,0,0,0,1,0,0,1
831,0,2,0,0.0,1,10,0.0,1,0,0,0,0,1,0,0,1
832,0,3,1,0.0,2,1,1.0,1,0,0,0,0,1,0,0,1
833,0,3,0,0.0,2,1,1.0,1,0,0,0,0,1,0,0,1
834,0,1,0,0.0,5,5,1.0,1,0,0,0,0,1,0,0,1
835,0,2,0,1.0,3,5,1.0,0,0,0,0,1,1,0,0,1
836,0,2,0,0.0,1,5,1.0,1,0,0,0,0,1,0,0,1
837,0,3,0,1.0,0,5,1.0,0,0,0,1,0,1,1,1,0
838,0,1,0,0.0,5,6,0.0,1,0,0,0,0,1,0,0,1
839,1,1,1,1.0,3,7,0.0,0,0,1,0,0,0,1,0,0
840,0,3,0,0.0,1,1,1.0,1,0,0,0,0,1,0,0,1
841,1,1,1,1.0,1,9,0.0,0,1,0,0,0,0,1,0,1
842,0,2,0,1.0,2,5,1.0,1,0,0,0,0,1,0,0,0
843,1,3,1,0.0,3,6,0.0,1,0,0,0,0,1,0,0,1
844,1,2,1,1.0,4,5,1.0,0,0,1,0,0,0,1,0,1
845,0,3,0,0.0,3,4,0.0,1,0,0,0,0,1,0,0,1
846,1,2,1,1.0,0,2,1.0,0,0,0,1,0,1,1,0,1
847,0,3,0,0.0,2,6,0.0,1,0,0,0,0,1,0,0,1
848,0,3,0,1.0,1,5,1.0,1,0,0,0,0,1,0,0,1
849,0,2,0,1.0,4,4,0.0,1,0,0,0,0,1,0,0,1
850,0,3,0,0.0,3,1,1.0,0,1,0,0,0,0,1,0,1
851,0,2,0,1.0,2,5,1.0,1,0,0,0,0,1,0,0,0
852,0,3,0,1.0,2,4,0.0,0,0,1,0,0,0,1,0,1
853,1,3,1,0.0,3,1,1.0,0,0,1,0,0,0,1,0,1
854,1,3,1,0.0,2,1,1.0,0,1,0,0,0,0,1,0,1
855,1,1,1,1.0,4,6,0.0,0,0,1,0,0,0,1,0,0
856,0,2,0,1.0,3,5,1.0,1,0,0,0,0,1,0,0,1
857,0,3,0,0.0,4,1,1.0,1,0,0,0,0,1,0,0,1
858,1,2,1,1.0,3,5,1.0,0,0,1,0,0,0,1,0,1
859,0,2,0,0.0,2,2,1.0,1,0,0,0,0,1,0,0,1
860,0,3,0,0.0,2,1,1.0,0,1,0,0,0,0,1,0,1
861,1,1,1,1.0,4,7,0.0,1,0,0,0,0,1,0,0,0
862,1,2,1,0.0,3,4,0.0,0,1,0,0,0,0,1,0,1
863,0,1,0,1.0,2,8,0.0,1,0,0,0,0,1,0,0,0
864,0,3,0,0.0,2,1,1.0,1,0,0,0,0,1,0,1,0
865,0,3,0,0.0,3,3,0.0,1,0,0,0,0,1,0,0,1
866,1,1,1,0.0,4,5,1.0,0,0,1,0,0,0,1,0,1
867,0,2,0,0.0,3,2,1.0,1,0,0,0,0,1,0,0,1
868,0,3,0,0.0,2,1,1.0,1,0,0,0,0,1,0,0,0
869,0,3,0,0.0,3,1,1.0,1,0,0,0,0,1,0,0,1
870,0,3,0,0.0,1,2,1.0,1,0,0,0,0,1,0,0,1
871,0,3,0,0.0,2,1,1.0,1,0,0,0,0,1,0,0,1
872,0,2,0,0.0,2,2,1.0,1,0,0,0,0,1,0,0,1
873,1,1,1,1.0,5,7,0.0,0,0,1,0,0,0,1,0,1
874,1,3,1,0.0,2,1,1.0,1,0,0,0,0,1,0,0,0
875,1,1,1,1.0,2,7,0.0,0,0,1,0,0,0,1,0,1
876,1,3,1,1.0,1,3,0.0,0,0,1,0,0,0,1,0,0
877,0,3,0,0.0,2,1,1.0,1,0,0,0,0,1,0,0,1
878,0,2,0,1.0,3,5,1.0,1,0,0,0,0,1,0,0,1
879,0,3,0,1.0,0,4,0.0,0,1,0,0,0,0,1,0,1
880,1,2,1,1.0,2,5,1.0,0,0,1,0,0,0,1,0,1
881,1,3,1,0.0,1,1,1.0,0,1,0,0,0,0,1,1,0
882,0,1,0,1.0,3,6,0.0,1,0,0,0,0,1,0,0,1
883,0,3,0,0.0,2,1,1.0,1,0,0,0,0,1,0,0,1
884,0,1,0,0.0,2,5,1.0,1,0,0,0,0,1,0,0,1
885,1,3,1,1.0,0,3,0.0,0,0,0,1,0,1,1,0,0
886,1,3,1,0.0,1,1,1.0,0,0,1,0,0,0,1,0,0
887,1,3,1,0.0,4,1,1.0,1,0,0,0,0,1,0,0,1
888,0,3,0,0.0,3,1,1.0,1,0,0,0,0,1,0,1,0
889,1,1,1,1.0,0,8,0.0,0,0,0,1,0,1,1,0,1
890,0,3,0,1.0,0,4,0.0,0,1,0,0,0,0,1,0,1
891,0,3,0,0.0,1,1,1.0,1,0,0,0,0,1,0,0,1
892,1,3,1,0.0,1,1,1.0,0,1,0,0,0,0,1,1,0
893,0,1,0,0.0,4,5,1.0,1,0,0,0,0,1,0,0,1
894,1,1,1,1.0,2,6,0.0,0,0,1,0,0,0,1,0,0
895,0,3,0,0.0,2,1,1.0,1,0,0,0,0,1,0,0,1
896,0,3,0,1.0,1,5,1.0,1,0,0,0,0,1,0,0,1
897,0,3,0,0.0,2,1,1.0,1,0,0,0,0,1,0,1,0
898,0,1,0,0.0,3,9,0.0,1,0,0,0,0,1,0,0,0
899,0,3,0,0.0,1,1,1.0,1,0,0,0,0,1,0,0,1
900,0,3,0,0.0,2,1,1.0,1,0,0,0,0,1,0,0,1
901,0,2,0,0.0,4,3,0.0,1,0,0,0,0,1,0,0,0
902,0,2,1,0.0,1,2,1.0,1,0,0,0,0,1,0,0,0
903,1,3,1,1.0,1,1,1.0,1,0,0,0,0,1,0,0,1
904,0,3,0,0.0,2,1,1.0,1,0,0,0,0,1,0,0,1
905,0,3,0,1.0,2,1,1.0,0,1,0,0,0,0,1,0,1
906,0,3,0,0.0,2,1,1.0,1,0,0,0,0,1,0,0,1
907,1,2,1,1.0,4,6,0.0,0,0,1,0,0,0,1,0,1
908,1,3,1,0.0,1,1,1.0,0,1,0,0,0,0,1,0,1
909,0,3,0,0.0,2,1,1.0,1,0,0,0,0,1,0,0,1
910,1,3,1,1.0,1,2,1.0,0,0,0,1,0,1,0,0,0
911,0,3,0,1.0,3,1,1.0,1,0,0,0,0,1,0,0,0
912,0,3,0,0.0,1,1,1.0,1,0,0,0,0,1,0,0,1
913,0,2,0,0.0,1,2,1.0,1,0,0,0,0,1,0,0,1
914,1,3,1,0.0,1,1,1.0,0,1,0,0,0,0,1,1,0
915,1,1,1,0.0,5,5,1.0,0,0,1,0,0,0,1,0,0
